Date,Open,High,Low,Close,Volume,Dividends
2022-11-08 00:00:00-05:00,73.94000244140625,74.19999694824219,72.5999984741211,73.16000366210938,1528100,0.0
2022-11-07 00:00:00-05:00,73.08999633789062,73.7699966430664,72.69000244140625,73.73999786376953,1777400,0.0
2022-11-04 00:00:00-04:00,71.29000091552734,73.87000274658203,71.29000091552734,73.22000122070312,2299000,0.0
2022-11-03 00:00:00-04:00,69.47000122070312,71.08999633789062,69.12000274658203,70.20999908447266,2035000,0.0
2022-11-02 00:00:00-04:00,71.20999908447266,72.56999969482422,70.19999694824219,70.20999908447266,1782900,0.0
2022-11-01 00:00:00-04:00,71.2699966430664,72.0199966430664,70.7300033569336,71.51000213623047,1885200,0.0
2022-10-31 00:00:00-04:00,70.68000030517578,71.5199966430664,70.23999786376953,70.63999938964844,2551900,0.0
2022-10-28 00:00:00-04:00,70.12000274658203,71.87000274658203,69.8499984741211,71.69000244140625,1918400,0.0
2022-10-27 00:00:00-04:00,68.51000213623047,71.5199966430664,68.4000015258789,70.01000213623047,3016900,0.0
2022-10-26 00:00:00-04:00,68.69000244140625,69.1500015258789,66.77999877929688,68.33999633789062,3656700,0.0
2022-10-25 00:00:00-04:00,66.9800033569336,68.91000366210938,66.9800033569336,68.8499984741211,2567100,0.0
2022-10-24 00:00:00-04:00,67.16999816894531,67.88999938964844,66.79000091552734,67.08000183105469,2518300,0.0
2022-10-21 00:00:00-04:00,65.02999877929688,66.94000244140625,64.30000305175781,66.79000091552734,2351000,0.0
2022-10-20 00:00:00-04:00,66.44000244140625,66.70500183105469,64.66999816894531,64.75,1923200,0.0
2022-10-19 00:00:00-04:00,66.47000122070312,66.94999694824219,65.66000366210938,66.27999877929688,1552300,0.0
2022-10-18 00:00:00-04:00,66.91999816894531,67.0,66.0,66.70999908447266,1637200,0.0
2022-10-17 00:00:00-04:00,65.02999877929688,65.7300033569336,64.80999755859375,65.37000274658203,1688600,0.0
2022-10-14 00:00:00-04:00,65.43000030517578,66.0999984741211,63.83000183105469,64.12000274658203,1632800,0.0
2022-10-13 00:00:00-04:00,63.18000030517578,65.55000305175781,62.4900016784668,65.01000213623047,1946400,0.0
2022-10-12 00:00:00-04:00,65.06999969482422,65.33999633789062,64.56500244140625,64.58000183105469,1637600,0.0
2022-10-11 00:00:00-04:00,64.97000122070312,65.56999969482422,64.4800033569336,64.75,1449200,0.0
2022-10-10 00:00:00-04:00,65.80000305175781,65.98999786376953,64.47000122070312,65.01000213623047,841300,0.0
2022-10-07 00:00:00-04:00,66.16999816894531,66.51000213623047,64.87000274658203,65.26000213623047,1446600,0.0
2022-10-06 00:00:00-04:00,67.22000122070312,67.61000061035156,66.69999694824219,66.80000305175781,1670000,0.0
2022-10-05 00:00:00-04:00,66.41999816894531,67.87999725341797,66.33499908447266,67.43000030517578,1452500,0.0
2022-10-04 00:00:00-04:00,66.45999908447266,67.4800033569336,66.28500366210938,67.05000305175781,2424900,0.0
2022-10-03 00:00:00-04:00,64.72000122070312,66.01000213623047,64.11000061035156,65.44000244140625,1905500,0.0
2022-09-30 00:00:00-04:00,64.52999877929688,64.91999816894531,63.7400016784668,63.79999923706055,2625600,0.0
2022-09-29 00:00:00-04:00,65.22000122070312,65.36000061035156,63.875,64.5,1910800,0.0
2022-09-28 00:00:00-04:00,65.7300033569336,66.2300033569336,64.8949966430664,65.7699966430664,2264400,0.0
2022-09-27 00:00:00-04:00,65.94000244140625,66.25,64.61000061035156,65.12999725341797,1890500,0.0
2022-09-26 00:00:00-04:00,65.4800033569336,66.58000183105469,64.8499984741211,65.37000274658203,2415500,0.0
2022-09-23 00:00:00-04:00,64.98999786376953,65.93000030517578,64.75499725341797,65.77999877929688,2551600,0.0
2022-09-22 00:00:00-04:00,66.58000183105469,67.11499786376953,65.3550033569336,65.44999694824219,1981000,0.0
2022-09-21 00:00:00-04:00,67.93000030517578,68.83999633789062,67.0199966430664,67.02999877929688,1579600,0.0
2022-09-20 00:00:00-04:00,67.83000183105469,68.01000213623047,66.88999938964844,67.62000274658203,1842500,0.0
2022-09-19 00:00:00-04:00,67.44999694824219,68.3499984741211,67.4000015258789,68.25,2338000,0.0
2022-09-16 00:00:00-04:00,68.16999816894531,68.30000305175781,67.0199966430664,67.80000305175781,3782500,0.0
2022-09-15 00:00:00-04:00,69.9000015258789,70.45999908447266,68.69000244140625,68.93000030517578,2129100,0.0
2022-09-14 00:00:00-04:00,71.05000305175781,71.17500305175781,69.30999755859375,69.8499984741211,2097200,0.0
2022-09-13 00:00:00-04:00,72.2699966430664,72.43000030517578,70.76000213623047,71.12000274658203,1756300,0.0
2022-09-12 00:00:00-04:00,73.98999786376953,74.0999984741211,72.87000274658203,73.80000305175781,1693800,0.0
2022-09-09 00:00:00-04:00,73.18000030517578,73.54000091552734,72.7699966430664,73.4000015258789,1803300,0.0
2022-09-08 00:00:00-04:00,72.94000244140625,73.22000122070312,72.41999816894531,72.91000366210938,1883900,0.0
2022-09-07 00:00:00-04:00,72.20999908447266,73.51000213623047,71.7300033569336,73.41000366210938,1751400,0.0
2022-09-06 00:00:00-04:00,71.69999694824219,72.1500015258789,70.93000030517578,72.08000183105469,1597300,0.0
2022-09-02 00:00:00-04:00,73.45999908447266,73.61000061035156,71.44999694824219,71.72000122070312,1565900,0.0
2022-09-01 00:00:00-04:00,72.13999938964844,72.76000213623047,71.31999969482422,72.72000122070312,1653600,0.0
2022-08-31 00:00:00-04:00,73.19999694824219,73.48999786376953,71.83000183105469,72.22000122070312,3350600,0.0
2022-08-30 00:00:00-04:00,74.12999725341797,74.36000061035156,72.2300033569336,72.86000061035156,2247000,0.0
2022-08-29 00:00:00-04:00,74.75,74.80000305175781,73.88999938964844,74.06999969482422,1441700,0.0
2022-08-26 00:00:00-04:00,78.38999938964844,78.38999938964844,75.16999816894531,75.2300033569336,1482100,0.0
2022-08-25 00:00:00-04:00,77.70999908447266,78.23999786376953,77.38999938964844,78.18000030517578,1881600,0.0
2022-08-24 00:00:00-04:00,76.95999908447266,77.66000366210938,76.77999877929688,77.37000274658203,1676800,0.0
2022-08-23 00:00:00-04:00,77.12999725341797,77.66000366210938,76.55500030517578,76.9000015258789,1680300,0.0
2022-08-22 00:00:00-04:00,78.06999969482422,78.2750015258789,77.08999633789062,77.33000183105469,2493900,0.0
2022-08-19 00:00:00-04:00,80.02999877929688,80.19999694824219,78.98999786376953,79.41000366210938,1212500,0.0
2022-08-18 00:00:00-04:00,80.54000091552734,80.58999633789062,80.01000213623047,80.41000366210938,1183100,0.29
2022-08-17 00:00:00-04:00,80.23021168136208,80.56899200184213,79.87151428605519,80.29000091552734,1623200,0.0
2022-08-16 00:00:00-04:00,80.94762220915123,81.46575503166679,80.61382875711573,81.02733612060547,1862100,0.0
2022-08-15 00:00:00-04:00,80.96755065962894,81.64510367107951,80.7184503995653,81.25650787353516,2015600,0.0
2022-08-12 00:00:00-04:00,80.76826848620009,81.5653923847969,80.26010941273309,81.4557876586914,1758800,0.0
2022-08-11 00:00:00-04:00,80.41952598578541,81.24654066275117,79.81172075109362,80.30992126464844,1665800,0.0
2022-08-10 00:00:00-04:00,79.71208823590354,80.25512501254572,79.09431681537792,79.6124496459961,1419700,0.0
2022-08-09 00:00:00-04:00,78.61604408788078,78.79539658032515,78.07798661054765,78.57618713378906,1276600,0.0
2022-08-08 00:00:00-04:00,79.51280748999747,79.77685316228167,78.73062901033298,78.99467468261719,1882400,0.0
2022-08-05 00:00:00-04:00,78.6260101639247,79.42810570784182,78.27726371638565,79.03453063964844,1492700,0.0
2022-08-04 00:00:00-04:00,79.29359635371867,79.52276433515802,78.75553888147375,79.21388244628906,2129600,0.0
2022-08-03 00:00:00-04:00,77.56982398478432,79.41316449631171,77.18023231083082,78.94486236572266,2483600,0.0
2022-08-02 00:00:00-04:00,77.8886725096153,78.48651165189192,77.12144700404879,77.18122863769531,2146700,0.0
2022-08-01 00:00:00-04:00,77.02180695012807,78.76550884975767,77.02180695012807,77.99827575683594,2425700,0.0
2022-07-29 00:00:00-04:00,76.8125568665077,78.26730915684196,76.11507913985736,77.888671875,2183100,0.0
2022-07-28 00:00:00-04:00,75.78625993734926,77.21111371485632,75.63680586434296,76.57341766357422,2118300,0.0
2022-07-27 00:00:00-04:00,72.53800237484965,76.33428809419169,72.53800237484965,76.16490173339844,3786500,0.0
2022-07-26 00:00:00-04:00,72.12947590858585,72.5280378738786,71.33235197800032,72.45829010009766,1897800,0.0
2022-07-25 00:00:00-04:00,71.71098421200287,72.39850336363092,71.45191781252994,72.12947082519531,1620800,0.0
2022-07-22 00:00:00-04:00,72.8169888673338,73.02623217074185,71.12310256051127,71.6412353515625,3805300,0.0
2022-07-21 00:00:00-04:00,72.3885384670523,72.85186131062366,71.98997652300815,72.68745422363281,1520900,0.0
2022-07-20 00:00:00-04:00,71.78073259921788,72.49814257197737,70.84411317901115,72.40846252441406,1942400,0.0
2022-07-19 00:00:00-04:00,69.54879986055757,71.67113146807421,69.49897676475423,71.58145141601562,2450500,0.0
2022-07-18 00:00:00-04:00,69.63846815264927,70.23033213469775,68.53246238889994,68.7118148803711,1525900,0.0
2022-07-15 00:00:00-04:00,69.67832855242848,69.89753800861597,69.01074164635719,69.25984191894531,3010100,0.0
2022-07-14 00:00:00-04:00,67.077718906106,68.77159766356824,66.75887087169181,68.74170684814453,2793600,0.0
2022-07-13 00:00:00-04:00,67.83498345870558,68.70184748332798,67.58588320299818,68.1538314819336,1635500,0.0
2022-07-12 00:00:00-04:00,68.64207010427803,69.94735309237655,68.31325592192228,68.59224700927734,2430700,0.0
2022-07-11 00:00:00-04:00,69.6783240962448,69.91745821409353,68.45274748863902,68.75167083740234,2116900,0.0
2022-07-08 00:00:00-04:00,69.74807824184865,70.11674939211011,68.57332047261539,69.63847351074219,2485600,0.0
2022-07-07 00:00:00-04:00,68.40293332955429,69.95731652872334,67.11757506795807,69.8377456665039,4386800,0.0
2022-07-06 00:00:00-04:00,71.20281720572687,71.52166523355183,70.33594556666998,71.0035400390625,2440000,0.0
2022-07-05 00:00:00-04:00,70.12670143233868,71.23270717870942,69.9224449995994,71.11314392089844,1936800,0.0
2022-07-01 00:00:00-04:00,70.72454823131683,71.98499492213877,69.97724746117244,71.6412353515625,2096300,0.0
2022-06-30 00:00:00-04:00,68.72178582533667,70.65480641282842,68.5025763646598,70.41566467285156,2822500,0.0
2022-06-29 00:00:00-04:00,69.24987093006017,69.94734860368905,68.27339458504323,69.52886199951172,2728700,0.0
2022-06-28 00:00:00-04:00,69.94735411578627,70.59501635058629,69.23991024766033,69.53883361816406,1877800,0.0
2022-06-27 00:00:00-04:00,71.04339612897073,71.11314389664885,68.87622085864736,69.6683578491211,2327700,0.0
2022-06-24 00:00:00-04:00,68.70185077503146,70.64483742380523,68.22358251824248,70.60498046875,3453500,0.0
2022-06-23 00:00:00-04:00,68.43282732915404,69.26980059782858,67.67556037039824,68.34314727783203,1791000,0.0
2022-06-22 00:00:00-04:00,68.23355162900981,68.87124773379088,67.62574634133766,68.51254272460938,2621800,0.0
2022-06-21 00:00:00-04:00,68.55239669087372,69.85767966060318,67.91470061391146,69.61854553222656,2506000,0.0
2022-06-17 00:00:00-04:00,67.69549327594112,68.49260959606612,66.98804940603112,67.63570404052734,3669400,0.0
2022-06-16 00:00:00-04:00,68.17376170044801,68.23853020481766,66.72898314065105,67.70545196533203,1818700,0.0
2022-06-15 00:00:00-04:00,69.16020279186966,70.51530127041727,68.51254056779533,69.50894165039062,1629300,0.0
2022-06-14 00:00:00-04:00,70.66475946675817,70.94873741021676,68.39296632683582,68.9609146118164,1859400,0.0
2022-06-13 00:00:00-04:00,71.1729303961807,71.94015589314444,70.19645397992618,70.8441162109375,1860400,0.0
2022-06-10 00:00:00-04:00,74.5208391369039,74.75997327221927,73.00630520872005,73.02623748779297,2314500,0.0
2022-06-09 00:00:00-04:00,75.91579720572152,76.88230742491768,75.48734445706557,75.72647857666016,2505100,0.0
2022-06-08 00:00:00-04:00,75.55709513794083,76.66310093636295,74.91939905981563,76.06525421142578,1926900,0.0
2022-06-07 00:00:00-04:00,74.47101221589682,76.28446181959136,74.1123072303804,76.21471405029297,1582500,0.0
2022-06-06 00:00:00-04:00,75.25817362243286,75.78626498740897,74.80979616966296,74.92935943603516,1019900,0.0
2022-06-03 00:00:00-04:00,74.47101042469815,75.04892484323409,73.82334823854143,74.91939544677734,1415400,0.0
2022-06-02 00:00:00-04:00,73.73368017808411,75.08878625978224,73.38494131925083,74.9692153930664,2133600,0.0
2022-06-01 00:00:00-04:00,74.05252761329692,74.89946700692687,73.3151929461065,73.70378875732422,2384000,0.0
2022-05-31 00:00:00-04:00,75.2781030334222,75.38272088751202,73.46465341047626,74.13224029541016,9765400,0.0
2022-05-27 00:00:00-04:00,75.57702083403767,76.3442539271528,75.10871110742346,76.02540588378906,2837700,0.0
2022-05-26 00:00:00-04:00,74.11230627897477,75.29802594376241,73.81339052950618,74.8097915649414,3380100,0.0
2022-05-25 00:00:00-04:00,74.45109299690048,74.65037018037769,72.51309312012614,73.26537322998047,2854900,0.0
2022-05-24 00:00:00-04:00,74.56069436713324,75.60691093613013,72.96645416537349,75.21831512451172,3071700,0.0
2022-05-23 00:00:00-04:00,73.72371212642365,74.50589060560263,72.86680660869618,73.6041488647461,2473100,0.0
2022-05-20 00:00:00-04:00,73.04616032176605,74.09238449051934,71.19285371547772,73.17569732666016,3017700,0.0
2022-05-19 00:00:00-04:00,71.00354295395059,73.22551310102897,70.9537198592708,72.32875061035156,1780500,0.29
2022-05-18 00:00:00-04:00,73.8444466615253,74.30094949966437,71.44283423979272,71.66116333007812,1899700,0.0
2022-05-17 00:00:00-04:00,74.46966099810963,74.88646697998047,73.2986292599434,74.88646697998047,2742800,0.0
2022-05-16 00:00:00-04:00,73.99330009733373,74.29102295899808,73.02075288252303,73.77497100830078,2101000,0.0
2022-05-13 00:00:00-04:00,73.26885344649233,74.91623260166368,72.92647442371508,74.53912353515625,2601200,0.0
2022-05-12 00:00:00-04:00,71.96881242351023,73.73528999203899,70.71839443516633,72.4451675415039,2482100,0.0
2022-05-11 00:00:00-04:00,72.1573660513812,73.41771764440374,71.79017551416061,72.3459243774414,3214400,0.0
2022-05-10 00:00:00-04:00,73.30854912415924,74.23148090326515,70.9267889614917,72.21690368652344,2771000,0.0
2022-05-09 00:00:00-04:00,72.73295533055813,73.62611633426219,72.21690338557053,72.75279998779297,2718000,0.0
2022-05-06 00:00:00-04:00,73.66581478164846,74.30094982632184,72.21690491636747,74.01315307617188,2470400,0.0
2022-05-05 00:00:00-04:00,74.9162374262388,75.52160173738524,73.3730558742847,74.11239624023438,2377800,0.0
2022-05-04 00:00:00-04:00,73.37802067264128,76.24605459143365,72.7031887169603,76.0177993774414,2700800,0.0
2022-05-03 00:00:00-04:00,72.36577213197604,73.07037489186395,71.91721166188869,72.76273345947266,2297000,0.0
2022-05-02 00:00:00-04:00,72.44516133215613,73.47725768984063,70.78785603388697,72.39553833007812,2627400,0.0
2022-04-29 00:00:00-04:00,75.00555707243342,75.34296927286016,72.01843241581008,72.286376953125,2808100,0.0
2022-04-28 00:00:00-04:00,73.0306748512832,75.93840566049478,72.88182098487543,75.49182891845703,2837400,0.0
2022-04-27 00:00:00-04:00,71.76040820180482,73.78490416879299,71.76040820180482,73.01083374023438,2499900,0.0
2022-04-26 00:00:00-04:00,72.81235340985886,73.40779159041851,71.6413217071484,71.81995391845703,2231400,0.0
2022-04-25 00:00:00-04:00,74.70783675618584,75.45213641712776,72.5047085483725,74.03300476074219,4038900,0.0
2022-04-22 00:00:00-04:00,73.27876729122596,74.06276371755132,72.76272294007086,72.8619613647461,2115500,0.0
2022-04-21 00:00:00-04:00,75.52160166285772,76.04757219497897,74.2711761525457,74.63836669921875,2256200,0.0
2022-04-20 00:00:00-04:00,75.40251720692652,75.7895524055236,74.71775913029755,74.94600677490234,2107800,0.0
2022-04-19 00:00:00-04:00,73.46733794496035,74.90632184450848,73.30855795307681,74.79715728759766,1380400,0.0
2022-04-18 00:00:00-04:00,74.12232250485239,74.49943159640586,72.5642555627128,73.06045532226562,1517100,0.0
2022-04-14 00:00:00-04:00,75.45213201321525,75.90367559830263,74.13223887437854,74.1818618774414,1717000,0.0
2022-04-13 00:00:00-04:00,74.68798675054579,75.91855998189226,74.68798675054579,75.2635726928711,1592600,0.0
2022-04-12 00:00:00-04:00,75.9384032078437,76.60331659908775,74.91623297735245,75.31319427490234,2814200,0.0
2022-04-11 00:00:00-04:00,76.41475972602912,76.6727857100331,75.58114779965696,75.78955078125,1750400,0.0
2022-04-08 00:00:00-04:00,76.67278344231897,77.60563377451538,76.52392201089614,76.6529312133789,2107000,0.0
2022-04-07 00:00:00-04:00,75.20403540730668,77.39723746690085,75.20403540730668,76.9506607055664,3012100,0.0
2022-04-06 00:00:00-04:00,73.76505888546677,75.76970260474063,73.59635278249674,75.65061950683594,2666000,0.0
2022-04-05 00:00:00-04:00,75.77962168623175,75.98802465962873,74.34064552979248,74.57881927490234,1582900,0.0
2022-04-04 00:00:00-04:00,75.72008293014524,76.16665966509107,75.23380173624489,76.0574951171875,1872600,0.0
2022-04-01 00:00:00-04:00,76.3254423044641,76.66682188687442,75.17425535387869,75.70022583007812,2591900,0.0
2022-03-31 00:00:00-04:00,77.02012246881176,77.74953667546978,76.31551976286185,76.3651351928711,2413400,0.0
2022-03-30 00:00:00-04:00,77.40715748090837,78.052218640864,77.10943461588055,77.1590576171875,1261600,0.0
2022-03-29 00:00:00-04:00,78.10183100412372,78.88582745126713,77.49646675470167,78.05221557617188,1812200,0.0
2022-03-28 00:00:00-04:00,76.3750612820952,77.45678062707279,75.73992623549455,77.41708374023438,2218200,0.0
2022-03-25 00:00:00-04:00,77.020121734701,77.15905705165379,76.03764840156133,76.6529312133789,1531900,0.0
2022-03-24 00:00:00-04:00,75.79947701697895,76.88119649377495,75.37274489572313,76.83157348632812,1837900,0.0
2022-03-23 00:00:00-04:00,76.54377458900196,77.02012970456578,75.67046571044392,75.85902404785156,1675300,0.0
2022-03-22 00:00:00-04:00,76.71248720984525,77.98275740530283,76.71248720984525,76.94073486328125,2601700,0.0
2022-03-21 00:00:00-04:00,76.93080692348123,77.5709088494138,75.8391689733614,76.74225616455078,1805000,0.0
2022-03-18 00:00:00-04:00,76.06742073325178,77.77434902956443,75.93840395671673,77.38731384277344,3822500,0.0
2022-03-17 00:00:00-04:00,74.4696570674648,75.85901783844203,74.42003406544853,75.80939483642578,1868200,0.0
2022-03-16 00:00:00-04:00,73.94368932856129,76.24605588013898,73.43756346039424,74.92616271972656,2692800,0.0
2022-03-15 00:00:00-04:00,71.94896427216251,73.34825121159322,71.40314151463834,73.09022521972656,4655600,0.0
2022-03-14 00:00:00-04:00,72.77266023067537,72.81731639292673,70.529835145802,71.43292236328125,4014900,0.0
2022-03-11 00:00:00-05:00,73.42763535373648,73.55168528864952,71.72070703790781,71.84972381591797,3290800,0.0
2022-03-10 00:00:00-05:00,73.7352820607338,73.9833819228878,72.74288261211777,73.23908233642578,3981100,0.0
2022-03-09 00:00:00-05:00,74.3704131480389,75.6208309354004,74.1917809539292,74.68798065185547,3050200,0.0
2022-03-08 00:00:00-05:00,73.64597088633799,74.6582226836745,72.92152344312623,72.94136810302734,3249800,0.0
2022-03-07 00:00:00-05:00,77.20868100754348,77.49647018807168,73.68565989639222,73.73528289794922,2768400,0.0
2022-03-04 00:00:00-05:00,77.61556202693957,77.98275255837606,76.0773473836179,77.36746215820312,2967900,0.0
2022-03-03 00:00:00-05:00,79.0644596288379,79.92784984617225,78.10183098421845,78.57818603515625,2660900,0.0
2022-03-02 00:00:00-05:00,77.58579047300398,78.40451700302869,77.45678126826643,78.18122863769531,3266200,0.0
2022-03-01 00:00:00-05:00,77.7445725835709,77.8835154781716,75.97810269890509,77.05982208251953,3501600,0.0
2022-02-28 00:00:00-05:00,76.57354413493418,78.33008780566871,76.57354413493418,77.73464965820312,3918500,0.0
2022-02-25 00:00:00-05:00,76.09719145936693,78.18122882652361,75.87886236512448,77.91328430175781,3005300,0.0
2022-02-24 00:00:00-05:00,72.76768979619987,76.34529329991051,72.54440142455468,76.00787353515625,3807000,0.0
2022-02-23 00:00:00-05:00,76.18649947436768,76.21627781668838,73.59634397655908,74.122314453125,2771000,0.0
2022-02-22 00:00:00-05:00,75.52160070050267,76.92088763468418,75.30327159831202,75.72008514404297,2481400,0.0
2022-02-18 00:00:00-05:00,75.47198379429429,76.33536649975984,74.76737349774565,75.76969909667969,6320300,0.0
2022-02-17 00:00:00-05:00,77.43693439756703,77.50640206206468,75.58214396977581,75.64069366455078,2253500,0.24
2022-02-16 00:00:00-05:00,78.1016354270068,78.47759699315627,76.63735015922039,78.03237915039062,3305200,0.0
2022-02-15 00:00:00-05:00,80.31783310073915,80.81252288146597,77.71081584276611,77.95321655273438,4126300,0.0
2022-02-14 00:00:00-05:00,78.71503061621353,79.39770488679221,77.83448346495207,78.90301513671875,3899000,0.0
2022-02-11 00:00:00-05:00,80.73337253164676,80.97082151822548,78.2698194814287,78.794189453125,2494800,0.0
2022-02-10 00:00:00-05:00,81.9997756400312,82.44500097335704,80.33761766868889,80.68390655517578,1926400,0.0
2022-02-09 00:00:00-05:00,84.0082249997114,84.21005324373074,82.5241556078289,82.88032531738281,2132000,0.0
2022-02-08 00:00:00-05:00,81.168707428941,83.36513146068475,81.02524315253946,83.1771469116211,3294300,0.0
2022-02-07 00:00:00-05:00,81.72275153750624,82.0195684299058,80.63443551265306,80.79273986816406,1790200,0.0
2022-02-04 00:00:00-05:00,80.39699998575284,82.3460792861358,80.11007895463555,81.56446838378906,3508500,0.0
2022-02-03 00:00:00-05:00,81.7920115078142,82.74181503876643,80.88178406753092,80.98072052001953,2902900,0.0
2022-02-02 00:00:00-05:00,82.92979717139518,83.41656873057345,81.5545601411924,82.38563537597656,2889900,0.0
2022-02-01 00:00:00-05:00,84.93823412522444,85.4527157259867,80.70369079577782,82.67255401611328,4970900,0.0
2022-01-31 00:00:00-05:00,80.4365625187557,84.7848824324053,79.66484010912929,84.52269744873047,4710600,0.0
2022-01-28 00:00:00-05:00,81.33689527902843,81.94041743347252,79.98144252180086,81.89094543457031,4367500,0.0
2022-01-27 00:00:00-05:00,81.42593789030639,82.53403812685441,80.43655836575039,81.7326431274414,3093400,0.0
2022-01-26 00:00:00-05:00,82.68245175299958,83.72130333831129,80.13974651728701,80.65422058105469,3633100,0.0
2022-01-25 00:00:00-05:00,80.86200041389118,82.74181567063283,80.06059778136816,82.08882904052734,4027200,0.0
2022-01-24 00:00:00-05:00,80.81252790108269,82.46479005973131,79.28888237599983,82.3460693359375,4451900,0.0
2022-01-21 00:00:00-05:00,81.33688998513412,83.00894380075363,80.70368769190821,82.22733306884766,2844000,0.0
2022-01-20 00:00:00-05:00,82.71213589107407,83.20682570806419,80.97082562172594,81.33689880371094,3534500,0.0
2022-01-19 00:00:00-05:00,83.30575372158152,83.54321024450329,81.97009286070556,82.21743774414062,2632200,0.0
2022-01-18 00:00:00-05:00,82.16798626814696,83.25630241739786,80.8125333755285,82.99906158447266,2640500,0.0
2022-01-14 00:00:00-05:00,83.9587586965063,84.73541780579671,82.15808801413039,83.28598022460938,2870400,0.0
2022-01-13 00:00:00-05:00,86.16505878329032,86.74879662530677,84.63152505613759,84.84918975830078,3365800,0.0
2022-01-12 00:00:00-05:00,85.7989972197457,86.41240772005743,85.21525935032494,86.02655029296875,2864100,0.0
2022-01-11 00:00:00-05:00,84.29513342729983,85.37356104642762,83.2859696221073,85.32408905029297,2334200,0.0
2022-01-10 00:00:00-05:00,82.9199008283758,83.79055969649335,81.58423989467492,83.76087951660156,1940000,0.0
2022-01-07 00:00:00-05:00,83.50364927547112,84.36440479470797,83.31566471454899,83.46407318115234,2351500,0.0
2022-01-06 00:00:00-05:00,83.29587441853553,84.07748524098551,82.89022514237628,83.81034851074219,1641400,0.0
2022-01-05 00:00:00-05:00,85.61101140665443,86.17990917794059,82.84075319072717,82.93968963623047,2656900,0.0
2022-01-04 00:00:00-05:00,84.49301510100331,85.54175500879064,84.06758159246124,85.30430603027344,1739200,0.0
2022-01-03 00:00:00-05:00,86.27390285530456,87.28307433000683,83.68173299140226,84.66121673583984,2209600,0.0
2021-12-31 00:00:00-05:00,85.25483580723919,86.63897987999312,85.25483580723919,86.14527893066406,985600,0.0
2021-12-30 00:00:00-05:00,85.9474110414386,86.34711974707874,85.38346495515303,85.44282531738281,864300,0.0
2021-12-29 00:00:00-05:00,85.3043077276724,86.30654971511368,85.3043077276724,85.89793395996094,1229700,0.0
2021-12-28 00:00:00-05:00,85.57143585526991,85.78910056576198,85.2152586105314,85.54175567626953,730200,0.0
2021-12-27 00:00:00-05:00,84.81952431045077,85.6209194454364,84.68100420908199,85.60112762451172,674400,0.0
2021-12-23 00:00:00-05:00,83.9488587661768,84.67901989497392,83.53332113976663,84.34461212158203,933100,0.0
2021-12-22 00:00:00-05:00,83.23650030412138,83.66193382012072,82.75170642954397,83.41458892822266,1014500,0.0
2021-12-21 00:00:00-05:00,82.44500902183017,83.38491668110673,81.93052737065547,83.28598022460938,1415100,0.0
2021-12-20 00:00:00-05:00,82.36584718248032,82.36584718248032,79.7192538782911,81.45561981201172,2440500,0.0
2021-12-17 00:00:00-05:00,84.5226983280465,85.74952690105852,83.1276694886671,83.26618957519531,2875700,0.0
2021-12-16 00:00:00-05:00,84.79973315014183,85.94246549548447,84.30504330032299,85.59123992919922,3345100,0.0
2021-12-15 00:00:00-05:00,84.14674400013944,84.47818528397157,82.59440705548921,84.01811981201172,2011900,0.0
2021-12-14 00:00:00-05:00,84.16651967122884,84.49301674075565,83.18208428221334,83.9092788696289,2178600,0.0
2021-12-13 00:00:00-05:00,85.33399914055377,85.71985661975467,83.89940159463953,84.47323608398438,2502400,0.0
2021-12-10 00:00:00-05:00,85.40324335351663,85.65058824362163,84.88381757462275,85.1657943725586,2379000,0.0
2021-12-09 00:00:00-05:00,85.12622685626077,85.69017296055294,84.26546383460736,85.2746353149414,2406900,0.0
2021-12-08 00:00:00-05:00,84.74036056910825,85.59716060846918,83.8004454609116,85.2944107055664,2923600,0.0
2021-12-07 00:00:00-05:00,84.2357828797817,85.34389080628132,83.82024523798222,84.78983306884766,2093000,0.0
2021-12-06 00:00:00-05:00,82.5142604308475,83.59268057530599,81.80190590868132,83.11778259277344,2046200,0.0
2021-12-03 00:00:00-05:00,82.4647933231994,82.71213823871493,81.04998010451594,81.92063903808594,2236400,0.0
2021-12-02 00:00:00-05:00,80.00122961693324,82.18676864231703,79.99628543668186,81.9700927734375,2224700,0.0
2021-12-01 00:00:00-05:00,80.83230548094657,82.45488732432914,79.56590087619597,79.5955810546875,2247400,0.0
2021-11-30 00:00:00-05:00,82.19766514825939,82.69235498538416,79.29878240077355,79.54612731933594,2602300,0.0
2021-11-29 00:00:00-05:00,83.21672229747446,83.44427538806221,82.10861438095573,82.69235229492188,1934300,0.0
2021-11-26 00:00:00-05:00,82.04925484343737,83.33545141040237,81.62382129113674,82.3064956665039,1170100,0.0
2021-11-24 00:00:00-05:00,82.76160844662334,83.65205163284504,81.98989353468707,83.56300354003906,1024700,0.0
2021-11-23 00:00:00-05:00,83.10788351977908,83.47890085692094,82.63297800695598,82.9198989868164,1683000,0.0
2021-11-22 00:00:00-05:00,85.33398672485303,85.4724992588559,82.97926609843732,83.30575561523438,1770400,0.0
2021-11-19 00:00:00-05:00,85.52198360627004,86.89722078415905,85.155910400188,85.3438949584961,2901700,0.0
2021-11-18 00:00:00-05:00,83.88949989888863,85.50218598155566,83.78066753550468,85.314208984375,2586400,0.24
2021-11-17 00:00:00-05:00,83.22997626068914,84.89240283473386,82.96852660741791,84.42376708984375,2657800,0.0
2021-11-16 00:00:00-05:00,83.42729010303529,83.85153042044347,83.09184812178977,83.38782501220703,1532800,0.0
2021-11-15 00:00:00-05:00,84.35470047194185,84.443491280437,82.8126338584146,83.03265380859375,1319100,0.0
2021-11-12 00:00:00-05:00,82.81559914400258,84.50269224142238,82.19403337897673,84.48295593261719,1737600,0.0
2021-11-11 00:00:00-05:00,82.33216263479994,82.57881382007758,81.66127110975687,82.2828369140625,1743500,0.0
2021-11-10 00:00:00-05:00,82.82546322786098,83.31876558782965,82.07564906029019,82.24337005615234,2986300,0.0
2021-11-09 00:00:00-05:00,81.29623069047591,82.54921537687098,80.9706493253193,82.42095947265625,3078900,0.0
2021-11-08 00:00:00-05:00,81.01011080073015,81.2853728437978,80.30271241561012,81.13836669921875,2422400,0.0
2021-11-05 00:00:00-04:00,81.02984306271132,81.6020756076782,80.46747867257399,80.61547088623047,1500900,0.0
2021-11-04 00:00:00-04:00,79.8557903898331,80.76346494780599,79.70779817279046,80.74372863769531,1943200,0.0
2021-11-03 00:00:00-04:00,80.19122810963529,80.7239955462349,78.54853039525229,79.53020477294922,2306700,0.0
2021-11-02 00:00:00-04:00,80.24056039841425,80.35894814256062,79.07636657539813,80.02350616455078,1465500,0.0
2021-11-01 00:00:00-04:00,79.38221467408981,80.07284249272132,79.05663331075766,79.83605194091797,1846100,0.0
2021-10-29 00:00:00-04:00,78.49426887437298,80.38855565164758,78.47454009199986,79.23422241210938,2870500,0.0
2021-10-28 00:00:00-04:00,78.53372834258194,79.08623206302116,77.54712369625001,78.84944152832031,2435300,0.0
2021-10-27 00:00:00-04:00,79.58940160775121,79.74726197729856,78.42520772752799,78.65213012695312,2896600,0.0
2021-10-26 00:00:00-04:00,81.232104483705,81.4935541508867,78.69160016026136,79.19476318359375,3657600,0.0
2021-10-25 00:00:00-04:00,80.00376844680963,82.82545838295019,80.00376844680963,80.76345825195312,3623700,0.0
2021-10-22 00:00:00-04:00,84.70987832069889,85.5484907922075,84.26590922613443,84.48295593261719,2678500,0.0
2021-10-21 00:00:00-04:00,83.05238510683776,84.24617590724436,82.37162544562871,84.20671081542969,1917700,0.0
2021-10-20 00:00:00-04:00,83.49635522380203,85.30184367830839,83.10171935529073,84.31523895263672,2339900,0.0
2021-10-19 00:00:00-04:00,82.87479713238871,83.60488252332085,82.64787473303585,83.28916931152344,1388000,0.0
2021-10-18 00:00:00-04:00,82.53934504942944,82.7455450510239,81.86154364972232,82.20389556884766,1452300,0.0
2021-10-15 00:00:00-04:00,82.79586818169302,83.55555804862641,82.37162784134235,82.97345733642578,1681400,0.0
2021-10-14 00:00:00-04:00,80.86212788522768,82.37163201331136,80.85225972968804,82.29270935058594,2166500,0.0
2021-10-13 00:00:00-04:00,81.13837040583867,81.18770365292445,79.993912839976,80.19123077392578,1519300,0.0
2021-10-12 00:00:00-04:00,80.71412853866788,81.08410530318645,80.19122924916641,80.84239196777344,2368900,0.0
2021-10-11 00:00:00-04:00,82.1151141947712,82.38149415732536,80.46747859095522,80.52667999267578,2134100,0.0
2021-10-08 00:00:00-04:00,82.78600574526226,83.25464148225886,81.54288168929084,82.33216094970703,1942600,0.0
2021-10-07 00:00:00-04:00,82.81560150109607,83.96992720157509,82.65774113494686,83.24970245361328,2487900,0.0
2021-10-06 00:00:00-04:00,81.68100328985447,82.38149171736129,80.12216607119043,81.75993347167969,1916800,0.0
2021-10-05 00:00:00-04:00,81.17783515209281,82.62321498094327,80.75359482143189,82.24337005615234,2080900,0.0
2021-10-04 00:00:00-04:00,81.0101154827265,82.0115186876846,80.48721617694899,80.81279754638672,2474600,0.0
2021-10-01 00:00:00-04:00,81.55275020063432,81.88819219415838,79.96431599083695,81.39488983154297,2530400,0.0
2021-09-30 00:00:00-04:00,82.756399572574,82.95372502900246,81.16796540250834,81.1778335571289,2354800,0.0
2021-09-29 00:00:00-04:00,82.77612804753694,83.25956219743854,81.99670950460411,82.20389556884766,1784600,0.0
2021-09-28 00:00:00-04:00,82.45055240029295,83.02870129470281,81.6119399318639,82.58867645263672,2440600,0.0
2021-09-27 00:00:00-04:00,83.41742828280533,83.99459111442145,82.92412594530133,83.10171508789062,1614400,0.0
2021-09-24 00:00:00-04:00,84.27577044624803,84.99105733794364,83.4272898143675,83.72327423095703,1874200,0.0
2021-09-23 00:00:00-04:00,83.39769329738564,85.64715078774569,82.90439095205419,84.59148406982422,4250200,0.0
2021-09-22 00:00:00-04:00,82.73667123545167,84.40403559705507,82.00658586073156,83.1609115600586,3488600,0.0
2021-09-21 00:00:00-04:00,82.20390639178918,82.99319319232585,80.83252640943421,80.9015884399414,4208800,0.0
2021-09-20 00:00:00-04:00,82.8747885016825,83.2694318571297,81.16795918843164,82.0657730102539,4458100,0.0
2021-09-17 00:00:00-04:00,86.09111847150012,86.27856822475975,83.75286288774214,83.88111877441406,11037500,0.0
2021-09-16 00:00:00-04:00,89.13973341634208,89.13973341634208,86.45123710593353,87.0185317993164,3171200,0.0
2021-09-15 00:00:00-04:00,89.36666240064055,89.36666240064055,88.26166234192704,89.13973999023438,2868600,0.0
2021-09-14 00:00:00-04:00,89.00161258110853,89.6133102289363,88.06927140405948,89.14960479736328,2113700,0.0
2021-09-13 00:00:00-04:00,90.10661367245415,90.48152076786475,88.20739651680468,88.7450942993164,2013200,0.0
2021-09-10 00:00:00-04:00,89.81062506401956,90.01781114874188,88.99174135259567,89.3370590209961,1494900,0.0
2021-09-09 00:00:00-04:00,89.62316851334836,90.03754821346614,88.91281944285346,89.26799774169922,1610300,0.0
2021-09-08 00:00:00-04:00,87.93607817238646,89.84022563046527,87.84925948400377,89.5047836303711,2312400,0.0
2021-09-07 00:00:00-04:00,90.34339848331344,90.34339848331344,88.06434387342998,88.18273162841797,2056300,0.0
2021-09-03 00:00:00-04:00,90.65911177651274,91.21654588065554,90.35326670630195,90.59004974365234,1313400,0.0
2021-09-02 00:00:00-04:00,90.66898277820084,91.22147905842857,90.42233157778527,90.82683563232422,1547000,0.0
2021-09-01 00:00:00-04:00,90.9550897915354,90.96495041896365,89.73663238365626,90.27433013916016,1711600,0.0
2021-08-31 00:00:00-04:00,91.13267237570878,91.40398262718062,90.62950190683357,90.98468017578125,2124700,0.0
2021-08-30 00:00:00-04:00,90.77749689105686,91.59637303833968,90.54564419373814,91.13267517089844,867900,0.0
2021-08-27 00:00:00-04:00,90.87616293555482,91.43754127182945,90.5308527830126,90.77750396728516,1195500,0.0
2021-08-26 00:00:00-04:00,89.7021072603281,90.7676422585867,89.6922466318386,90.58018493652344,1527800,0.0
2021-08-25 00:00:00-04:00,89.55410819340017,90.24473602197729,89.40612350538775,89.90928649902344,2034500,0.0
2021-08-24 00:00:00-04:00,88.65629909899847,89.54424483598841,88.4540433286181,89.15946960449219,2585500,0.0
2021-08-23 00:00:00-04:00,89.32718986840305,89.77115896967724,88.65629837561765,88.71549224853516,2037500,0.0
2021-08-20 00:00:00-04:00,88.6267057960939,89.19893835308255,88.27152748673521,88.81415557861328,3291500,0.0
2021-08-19 00:00:00-04:00,88.37017913940178,89.67249699016664,88.11365982005829,88.99173736572266,1343500,0.24
2021-08-18 00:00:00-04:00,89.02141539247202,90.25140066647603,88.85413919694372,89.05093383789062,2377400,0.0
2021-08-17 00:00:00-04:00,89.96604842937667,90.2809243775977,88.72622109884115,89.28709411621094,1821700,0.0
2021-08-16 00:00:00-04:00,89.2969397660557,90.62532249253347,89.0115822532629,90.42852783203125,2660100,0.0
2021-08-13 00:00:00-04:00,88.81478483680593,89.57245251418742,88.65734310750155,89.20838165283203,2823900,0.0
2021-08-12 00:00:00-04:00,88.98206555462146,88.98206555462146,88.12599299940958,88.75574493408203,1344100,0.0
2021-08-11 00:00:00-04:00,88.47039267475117,89.09030260828163,88.37198783783057,88.98206329345703,1539600,0.0
2021-08-10 00:00:00-04:00,88.45071436713482,89.10998477619336,87.95872017997432,88.43103790283203,1269500,0.0
2021-08-09 00:00:00-04:00,88.38183690682003,88.61799201844029,87.51592982605527,88.29328155517578,1867200,0.0
2021-08-06 00:00:00-04:00,89.57244999957916,89.85780749550624,88.51958286292701,88.69670104980469,1938600,0.0
2021-08-05 00:00:00-04:00,89.69053310196404,89.94637215644325,88.58846352725222,89.27725982666016,1547000,0.0
2021-08-04 00:00:00-04:00,89.54293265177412,90.20220299153986,89.11981739499832,89.34613800048828,1214800,0.0
2021-08-03 00:00:00-04:00,88.66718641712629,90.3498055112231,88.657344432089,89.81845092773438,1683700,0.0
2021-08-02 00:00:00-04:00,88.24406184955784,89.21820806302932,88.24406184955784,88.49005889892578,1441000,0.0
2021-07-30 00:00:00-04:00,87.41751921442238,88.3523126277797,87.26992697141847,88.11615753173828,1545200,0.0
2021-07-29 00:00:00-04:00,86.9353738287815,87.51593088981443,86.46306359980001,87.44705200195312,2009900,0.0
2021-07-28 00:00:00-04:00,86.61065007337235,87.02393088019076,85.87265882101589,86.5220947265625,1670200,0.0
2021-07-27 00:00:00-04:00,87.59956022547185,87.7284594501121,86.11865302399049,86.80744934082031,1701900,0.0
2021-07-26 00:00:00-04:00,88.49991726423241,88.75574883772082,85.45938926748211,87.63400268554688,3098600,0.0
2021-07-23 00:00:00-04:00,86.66969610278024,87.39587848772459,86.24658080987673,87.10264587402344,1648700,0.0
2021-07-22 00:00:00-04:00,85.60698371330042,86.24657762180082,85.23307085485845,85.93170166015625,2123200,0.0
2021-07-21 00:00:00-04:00,84.86899001701475,85.51842589192204,84.7686257939182,85.4200210571289,1447700,0.0
2021-07-20 00:00:00-04:00,83.0978076000861,84.9083499468261,82.79277363429084,84.72138977050781,1839200,0.0
2021-07-19 00:00:00-04:00,82.96004735665923,83.05845218792311,81.69070160714824,82.71405029296875,2534100,0.0
2021-07-16 00:00:00-04:00,83.7078872270518,84.18020493029552,83.51109256325412,83.56028747558594,1654800,0.0
2021-07-15 00:00:00-04:00,83.14701116713083,84.05227859940344,83.14701116713083,83.86532592773438,1769100,0.0
2021-07-14 00:00:00-04:00,82.06462240206466,83.6212925503944,82.06462240206466,83.42252349853516,1772100,0.0
2021-07-13 00:00:00-04:00,82.66486072577182,83.0387735841364,81.9662299206186,82.19254302978516,1683000,0.0
2021-07-12 00:00:00-04:00,82.13350324617574,82.54677652361642,81.9071826377288,82.47789764404297,1506700,0.0
2021-07-09 00:00:00-04:00,82.49757410653474,82.66485782027155,81.89734816010032,82.47789764404297,1073300,0.0
2021-07-08 00:00:00-04:00,81.59230631379486,82.58613657786458,81.13967260620736,81.75958251953125,1478100,0.0
2021-07-07 00:00:00-04:00,81.53326726079686,83.29460713489443,81.00191270320028,82.73373413085938,1645300,0.0
2021-07-06 00:00:00-04:00,80.95271326680412,81.24791275652191,80.39184024212825,80.93303680419922,1570300,0.0
2021-07-02 00:00:00-04:00,80.87399588345643,81.61198706378076,80.53943597794746,81.33647155761719,1113100,0.0
2021-07-01 00:00:00-04:00,80.87400164383742,81.07079630304712,80.39184196647409,80.76576232910156,1576100,0.0
2021-06-30 00:00:00-04:00,80.5394523833535,81.0904910151584,79.92938435464826,80.46073150634766,1981700,0.0
2021-06-29 00:00:00-04:00,80.38200748857813,81.14951716962501,80.27376817384229,80.76576232910156,1844000,0.0
2021-06-28 00:00:00-04:00,80.29344125567373,80.44104099748303,79.44721074368412,80.35248565673828,1940000,0.0
2021-06-25 00:00:00-04:00,80.20488598058743,80.59848278998953,79.97856537532995,80.34264373779297,2532100,0.0
2021-06-24 00:00:00-04:00,79.5948133531211,80.39184147747788,79.39801869510842,80.06713104248047,1679100,0.0
2021-06-23 00:00:00-04:00,80.33281781312819,80.35250178651259,79.44722669173562,79.52594757080078,1276400,0.0
2021-06-22 00:00:00-04:00,79.74241310024809,80.50008079155535,79.45705559106523,80.06713104248047,1757800,0.0
2021-06-21 00:00:00-04:00,78.80762294971935,79.80145328022225,78.39434964654458,79.74241638183594,2582700,0.0
2021-06-18 00:00:00-04:00,78.48291274195071,78.88634406088606,77.66128337220289,78.2270736694336,4490800,0.0
2021-06-17 00:00:00-04:00,79.6243408567703,79.89002193326179,78.17295944396515,79.18154907226562,3734700,0.0
2021-06-16 00:00:00-04:00,79.7128943579961,80.00808634392536,79.00442158018996,79.33897399902344,2578100,0.0
2021-06-15 00:00:00-04:00,79.67353795267461,79.96872995352612,79.13529170041623,79.6932144165039,1341500,0.0
2021-06-14 00:00:00-04:00,79.27994310339108,79.50626373291016,78.84698581591225,79.50626373291016,1232700,0.0
2021-06-11 00:00:00-04:00,79.55545359136323,79.6932113545815,78.42386553015454,79.25041961669922,1527800,0.0
2021-06-10 00:00:00-04:00,79.75225692835141,80.2540855700512,78.51242953396189,79.13233947753906,1753200,0.0
2021-06-09 00:00:00-04:00,79.49641457051342,79.8801694016856,79.04378085957275,79.4570541381836,1947300,0.0
2021-06-08 00:00:00-04:00,78.48291435096483,79.6538554042222,78.10407672717558,79.55545806884766,2647600,0.0
2021-06-07 00:00:00-04:00,79.11266357456847,79.51117764877917,78.19755412343326,78.33531188964844,1723600,0.0
2021-06-04 00:00:00-04:00,77.98108049684387,78.64035092138978,77.9515620460785,78.59115600585938,1644000,0.0
2021-06-03 00:00:00-04:00,76.99707672429234,78.15818310170204,76.42636176600547,77.8728256225586,1949900,0.0
2021-06-02 00:00:00-04:00,77.16436917186172,77.4989291344234,76.5247752050634,77.01676940917969,1898600,0.0
2021-06-01 00:00:00-04:00,77.90235145526863,78.55178733295666,77.0216852350843,77.15452575683594,2207600,0.0
2021-05-28 00:00:00-04:00,77.22340541112865,77.44971851702644,76.58381151199862,77.0758056640625,1915000,0.0
2021-05-27 00:00:00-04:00,76.89868364008517,77.82362749499057,76.44604994359217,77.44971466064453,2818900,0.0
2021-05-26 00:00:00-04:00,76.52476501464844,76.97740622852697,76.30829389974168,76.52476501464844,1890100,0.0
2021-05-25 00:00:00-04:00,77.02660203812867,77.3513199751354,76.41653410376617,76.44605255126953,2288600,0.0
2021-05-24 00:00:00-04:00,76.35749281898461,77.07580760224431,75.97373797130352,76.8790054321289,1547500,0.0
2021-05-21 00:00:00-04:00,76.37718246449734,77.04629487813496,76.04262250406066,76.3279800415039,2245000,0.0
2021-05-20 00:00:00-04:00,75.88519039892427,76.61333973485561,75.62935130518343,76.12134552001953,6751500,0.24
2021-05-19 00:00:00-04:00,76.45446646216853,76.51332046765519,75.56180746440295,75.99342346191406,5465700,0.0
2021-05-18 00:00:00-04:00,78.03376498695549,78.17109596182716,77.07244067887686,77.10186767578125,2941000,0.0
2021-05-17 00:00:00-04:00,77.22940448254091,77.67082446031162,76.61140753288859,77.50406646728516,2234000,0.0
2021-05-14 00:00:00-04:00,76.16998167081489,77.92586491932995,75.93455819978936,77.37653350830078,3255300,0.0
2021-05-13 00:00:00-04:00,74.54162570376437,76.04737213949915,74.37486770618469,75.67951965332031,2658300,0.0
2021-05-12 00:00:00-04:00,76.27789197307168,76.47407696784875,74.65933957223842,74.678955078125,2392700,0.0
2021-05-11 00:00:00-04:00,76.3073219653394,76.62122245967514,75.38523598898773,76.14056396484375,2939200,0.0
2021-05-10 00:00:00-04:00,77.17055321231591,77.59235774014388,76.542752168662,76.75856018066406,4867400,0.0
2021-05-07 00:00:00-04:00,76.59179540537832,77.44520839790722,76.42503740499659,76.69969940185547,2780700,0.0
2021-05-06 00:00:00-04:00,76.93512057526357,77.37556015805397,76.21903111883746,76.866455078125,2983500,0.0
2021-05-05 00:00:00-04:00,77.3863560691343,77.72968357263967,76.27789656239457,76.57217407226562,2075500,0.0
2021-05-04 00:00:00-04:00,76.88607337602497,78.04358285837597,76.88607337602497,77.21959686279297,3402100,0.0
2021-05-03 00:00:00-04:00,76.99398169494235,77.59235571845588,76.42504215919027,76.90570068359375,2739900,0.0
2021-04-30 00:00:00-04:00,76.75854240848817,77.17053534474985,76.07188751471871,76.38578796386719,3659500,0.0
2021-04-29 00:00:00-04:00,76.53292724184631,77.6119671124976,76.53292724184631,77.1901626586914,2492200,0.0
2021-04-28 00:00:00-04:00,77.67081494654457,77.98471538837138,76.50349417038692,76.5133056640625,3492300,0.0
2021-04-27 00:00:00-04:00,75.0419126100178,77.74930919969714,74.66915809128528,77.4942626953125,6143800,0.0
2021-04-26 00:00:00-04:00,74.98304965340729,75.41465812780008,73.12907380891998,74.8162841796875,6077800,0.0
2021-04-23 00:00:00-04:00,69.71540547569019,70.60806446768028,69.39169347965125,69.92140197753906,2574700,0.0
2021-04-22 00:00:00-04:00,69.8723639008419,70.38244944007016,69.2641783682424,69.59769439697266,2415600,0.0
2021-04-21 00:00:00-04:00,69.10721566577693,69.72521261670657,68.49903769372276,69.68597412109375,3080300,0.0
2021-04-20 00:00:00-04:00,70.27453661631355,70.32358660684426,68.98950769136943,69.12683868408203,3682300,0.0
2021-04-19 00:00:00-04:00,69.36226223838044,70.02439969127165,69.00912326136884,69.67616271972656,2641300,0.0
2021-04-16 00:00:00-04:00,70.04893085817385,70.04893085817385,68.51865932830741,69.23474884033203,2548500,0.0
2021-04-15 00:00:00-04:00,69.29359759009343,69.88216006432398,68.77370061312345,69.6173095703125,1495600,0.0
2021-04-14 00:00:00-04:00,69.64672891342143,69.72029640811942,68.72464306532882,69.05816650390625,3099700,0.0
2021-04-13 00:00:00-04:00,69.10721463648865,69.87725606896277,68.85413644692537,69.76445007324219,1513400,0.0
2021-04-12 00:00:00-04:00,69.27397876201506,69.74973521449813,68.9796937970231,69.30340576171875,1986000,0.0
2021-04-09 00:00:00-04:00,68.35189902327146,69.59768952164379,68.12627953189251,69.40150451660156,3557700,0.0
2021-04-08 00:00:00-04:00,68.16552090654324,68.31756541446454,67.60638538619921,68.08705139160156,1881700,0.0
2021-04-07 00:00:00-04:00,68.52846065199356,68.9306421113394,68.08704069934954,68.30284118652344,7225700,0.0
2021-04-06 00:00:00-04:00,68.17533578308533,69.12193937107298,67.57696173360901,68.39114379882812,1972800,0.0
2021-04-05 00:00:00-04:00,67.76334180672343,68.37151986015233,67.60638780327159,67.91048431396484,1126600,0.0
2021-04-01 00:00:00-04:00,67.57695278233389,68.31265774728945,67.01781730832677,67.93990325927734,1579200,0.0
2021-03-31 00:00:00-04:00,68.68541546553023,68.68541546553023,66.96877046656792,67.14533996582031,3783100,0.0
2021-03-30 00:00:00-04:00,68.73445566320326,69.14644860808308,68.0968432576642,68.4107437133789,2604800,0.0
2021-03-29 00:00:00-04:00,68.49903765725364,69.32302361275073,68.1753256816036,68.5775146484375,2038300,0.0
2021-03-26 00:00:00-04:00,66.8608661713782,68.05760654484986,66.33115773526251,67.72409057617188,1989400,0.0
2021-03-25 00:00:00-04:00,66.12516176789228,66.84124369862987,65.48754934075814,66.56658172607422,1738900,0.0
2021-03-24 00:00:00-04:00,65.60526648358092,66.66468351167413,65.60526648358092,65.88973999023438,1378000,0.0
2021-03-23 00:00:00-04:00,65.15403023294638,66.41944367720772,64.93822224468784,65.6837387084961,1364500,0.0
2021-03-22 00:00:00-04:00,65.53659048330096,65.66411745646452,64.3888926286927,65.54640197753906,1391500,0.0
2021-03-19 00:00:00-04:00,66.59602231068952,66.59602231068952,65.25213168913511,65.58565521240234,3149000,0.0
2021-03-18 00:00:00-04:00,66.85105895996094,67.33171743901721,66.1742080008975,66.85105895996094,2752800,0.0
2021-03-17 00:00:00-04:00,66.69412194588864,67.3415460686788,66.0761323155724,67.27288055419922,1729500,0.0
2021-03-16 00:00:00-04:00,65.84069791805078,66.67449545195002,65.31098940047302,66.40963745117188,2371800,0.0
2021-03-15 00:00:00-04:00,64.68318793107144,65.36984295803417,64.26628542500076,65.34041595458984,1495700,0.0
2021-03-12 00:00:00-05:00,66.36059510183722,66.36059510183722,64.73223104560483,64.7420425415039,1938200,0.0
2021-03-11 00:00:00-05:00,64.84012533026304,66.3507736612249,64.63412885112879,66.01725769042969,2214700,0.0
2021-03-10 00:00:00-05:00,63.437387193563694,65.2276071610843,63.37853318918848,64.98727416992188,1814900,0.0
2021-03-09 00:00:00-05:00,64.43794115585104,65.37964251398536,63.68261328015413,63.69242477416992,2547300,0.0
2021-03-08 00:00:00-05:00,63.73167843123955,65.06575754370223,63.35891640971153,63.97691345214844,1636700,0.0
2021-03-05 00:00:00-05:00,63.2902480677737,63.86900658285898,61.56379524439662,63.633583068847656,2168000,0.0
2021-03-04 00:00:00-05:00,65.55621768093566,65.62488317705665,62.13273565981016,62.731109619140625,3634400,0.0
2021-03-03 00:00:00-05:00,64.26137825381532,66.36058914920127,63.82976228071537,65.72297668457031,3210800,0.0
2021-03-02 00:00:00-05:00,63.496252401241094,64.58999845582355,63.10387488647355,64.16329193115234,2657500,0.0
2021-03-01 00:00:00-05:00,62.89786589036408,64.49679515199158,62.84881590426221,63.69242477416992,1896000,0.0
2021-02-26 00:00:00-05:00,63.65319117427718,63.65319117427718,62.377970019378694,62.49568176269531,3278300,0.0
2021-02-25 00:00:00-05:00,63.05481860220375,63.6728155586231,62.7899681094368,63.231388092041016,2431700,0.0
2021-02-24 00:00:00-05:00,61.887502849607934,63.1823470524836,61.82864510429889,63.12348556518555,2257300,0.0
2021-02-23 00:00:00-05:00,61.6422638995276,62.358349582528874,61.36760192303088,62.02482986450195,2571200,0.0
2021-02-22 00:00:00-05:00,61.65207165212157,62.38287457699698,61.32836342867741,62.02482986450195,2560000,0.0
2021-02-19 00:00:00-05:00,62.1131171881109,62.2455461765623,61.74035896023336,61.83845520019531,3852700,0.0
2021-02-18 00:00:00-05:00,61.269507976900954,62.36816340792413,61.12236923055978,61.85807418823242,2258400,0.0
2021-02-17 00:00:00-05:00,62.10331413945937,62.16216814590582,61.42548272823592,61.4951286315918,2178600,0.0
2021-02-16 00:00:00-05:00,63.08424354558951,63.11367054560627,61.38722168348372,61.985591888427734,3228400,0.0
2021-02-12 00:00:00-05:00,61.69131594859467,63.30986844400801,61.69131594859467,62.71149444580078,2021600,0.0
2021-02-11 00:00:00-05:00,63.80033362291142,63.96317000969958,61.686405539890096,62.22101974487305,4298900,0.2
2021-02-10 00:00:00-05:00,63.50716792659891,64.44598561638873,63.17466579795223,63.86899948120117,1934100,0.0
2021-02-09 00:00:00-05:00,62.13805327190248,63.16782123511409,61.81533260677119,62.93996047973633,2819100,0.0
2021-02-08 00:00:00-05:00,62.34341933591226,63.10620821401743,61.75665923437439,62.32386016845703,1787100,0.0
2021-02-05 00:00:00-05:00,61.35570485667448,62.78348675766261,61.24813130228771,62.519447326660156,3697900,0.0
2021-02-04 00:00:00-05:00,62.48033390125016,62.715036465143704,61.609971409962476,61.89357376098633,2303900,0.0
2021-02-03 00:00:00-05:00,63.213781321796496,63.43870988067281,61.56107085410385,62.636802673339844,3542100,0.0
2021-02-02 00:00:00-05:00,63.614740610676535,65.30656573445725,63.076872819266676,63.213783264160156,4327800,0.0
2021-02-01 00:00:00-05:00,64.53399720800616,64.55356010700498,61.60997053670986,63.12577438354492,3731500,0.0
2021-01-29 00:00:00-05:00,63.67341765628137,64.53399870570551,62.050043940987166,63.223567962646484,10353200,0.0
2021-01-28 00:00:00-05:00,61.21878924102041,63.389808253124954,60.954749816251116,62.421653747558594,3235000,0.0
2021-01-27 00:00:00-05:00,61.29702785625842,61.61974479152781,59.92791598464412,60.866737365722656,3241300,0.0
2021-01-26 00:00:00-05:00,63.1746654695717,63.653852030804295,60.896076480330265,62.10871505737305,2742100,0.0
2021-01-25 00:00:00-05:00,62.58790768313992,63.184449275129644,60.63203556804179,62.80305480957031,4500200,0.0
2021-01-22 00:00:00-05:00,62.118496473804846,63.771207005565024,61.80555724566718,63.448486328125,3546500,0.0
2021-01-21 00:00:00-05:00,63.80054334534668,63.80054334534668,62.050040718752086,62.11849594116211,3945600,0.0
2021-01-20 00:00:00-05:00,64.34819718556952,65.03274945860443,63.45827176956392,63.75165557861328,1737200,0.0
2021-01-19 00:00:00-05:00,64.54378568509965,64.98385396671014,63.48761285596163,63.92768859863281,2489200,0.0
2021-01-15 00:00:00-05:00,63.380029481745304,64.24061793287602,62.10871343368262,64.08414459228516,1841100,0.0
2021-01-14 00:00:00-05:00,62.78349355732446,63.92768444507985,62.392321362360605,63.507171630859375,3088300,0.0
2021-01-13 00:00:00-05:00,63.751654047066665,64.08904318105006,62.44121584880392,62.558570861816406,3172600,0.0
2021-01-12 00:00:00-05:00,64.8078184052216,65.32613077624947,63.634298135900195,63.790771484375,1722000,0.0
2021-01-11 00:00:00-05:00,64.75891781515716,65.3163409911061,64.35796050665513,64.89582824707031,1506200,0.0
2021-01-08 00:00:00-05:00,65.9813472321812,66.47031526270152,64.39708812731375,65.35546875,1914000,0.0
2021-01-07 00:00:00-05:00,65.8150950256752,66.45564190452113,65.37013236015066,66.28450012207031,1542500,0.0
2021-01-06 00:00:00-05:00,64.36773894936849,65.84442420868967,63.81031579944784,65.4336929321289,1596000,0.0
2021-01-05 00:00:00-05:00,64.36774268869654,64.95450275516421,63.330155590500134,63.66362762451172,1366100,0.0
2021-01-04 00:00:00-05:00,66.05958349914236,66.51920717769828,64.10371138915811,64.142822265625,2569600,0.0
2020-12-31 00:00:00-05:00,65.38479973317635,66.19648838119107,65.10119740575941,66.05957794189453,1238200,0.0
2020-12-30 00:00:00-05:00,64.33841346443427,65.35546784922599,64.33841346443427,65.24789428710938,1082200,0.0
2020-12-29 00:00:00-05:00,64.84693906856124,65.13054142705042,63.692974195873646,64.2406234741211,1008400,0.0
2020-12-28 00:00:00-05:00,64.71979859805838,65.13052988818151,64.09392021471108,64.54376983642578,786400,0.0
2020-12-24 00:00:00-05:00,64.00592248871915,64.52423495159142,63.849456573578664,64.33842468261719,992100,0.0
2020-12-23 00:00:00-05:00,64.04502772575998,64.77847973921459,63.85922495587207,64.18193817138672,972500,0.0
2020-12-22 00:00:00-05:00,64.38730602909173,64.53399792898234,63.65874844603298,63.966800689697266,1151500,0.0
2020-12-21 00:00:00-05:00,63.507173660695535,65.01319617229413,63.17467150202706,64.69047546386719,2201300,0.0
2020-12-18 00:00:00-05:00,64.53398936798177,64.73935501616108,63.11598526628984,64.1623764038086,4028700,0.0
2020-12-17 00:00:00-05:00,64.29930633856677,64.85672968442825,64.0548222840475,64.33842468261719,1873700,0.0
2020-12-16 00:00:00-05:00,63.49739075248378,63.8885666814988,62.920404578448064,63.8005485534668,1760600,0.0
2020-12-15 00:00:00-05:00,61.71754078792724,64.14281785951663,61.57084889754301,63.30179977416992,2041100,0.0
2020-12-14 00:00:00-05:00,63.067090839312414,63.067090839312414,61.14055944726254,61.39482116699219,1377800,0.0
2020-12-11 00:00:00-05:00,61.9326880109417,62.47055205910637,61.561071290351855,62.32386016845703,2023900,0.0
2020-12-10 00:00:00-05:00,63.771207584077274,64.68068838989348,62.44121398716197,62.58790588378906,2056600,0.0
2020-12-09 00:00:00-05:00,64.29929414409875,64.74914382377212,63.751652353376365,64.04502868652344,1668600,0.0
2020-12-08 00:00:00-05:00,63.35068773443393,64.69046263146238,63.25289563459849,64.6513442993164,2641500,0.0
2020-12-07 00:00:00-05:00,63.54628394529764,63.868997151756105,62.59768484074698,63.41914749145508,1917600,0.0
2020-12-04 00:00:00-05:00,64.20149563165222,64.58582224567378,63.44848078343067,63.72230911254883,2054300,0.0
2020-12-03 00:00:00-05:00,64.31884958188462,65.37502228775764,63.917899688265685,64.04502868652344,1061900,0.0
2020-12-02 00:00:00-05:00,65.44348067416603,65.78575680990808,64.11348700865963,64.2406234741211,1379600,0.0
2020-12-01 00:00:00-05:00,65.93244744470515,66.65612550183845,65.29678751281673,65.35546875,2928100,0.0
2020-11-30 00:00:00-05:00,65.36524363659503,66.20626925752828,64.91539393766378,65.46304321289062,1831000,0.0
2020-11-27 00:00:00-05:00,66.0595830357428,66.70501694775878,65.423923112245,65.85420989990234,1645000,0.0
2020-11-25 00:00:00-05:00,65.95200703990739,65.9813439264992,64.95450812942725,65.89332580566406,1125400,0.0
2020-11-24 00:00:00-05:00,66.53876601332863,66.53876601332863,65.40435667750974,65.91288757324219,4738800,0.0
2020-11-23 00:00:00-05:00,65.16965563677867,66.04001809583568,65.08164497647523,65.76619720458984,1885500,0.0
2020-11-20 00:00:00-05:00,64.63178378843132,65.26744365241395,64.54377313364841,64.8567123413086,1811200,0.0
2020-11-19 00:00:00-05:00,65.15987236654561,65.70752159479241,64.15259949001494,64.70024871826172,1809900,0.2
2020-11-18 00:00:00-05:00,65.62728750468501,66.28054355508344,64.84729149383739,64.96428680419922,2182800,0.0
2020-11-17 00:00:00-05:00,65.48104893843787,66.2512929260731,64.6474200878563,65.5200424194336,1465000,0.0
2020-11-16 00:00:00-05:00,64.56454279818057,65.9490419051293,64.03804156624278,65.70529174804688,2338900,0.0
2020-11-13 00:00:00-05:00,64.58403471978176,65.07153499757922,63.5992895144689,63.9307861328125,1438500,0.0
2020-11-12 00:00:00-05:00,64.52553874563819,64.7985377181214,63.78453622128081,64.34028625488281,1774700,0.0
2020-11-11 00:00:00-05:00,64.21353878204582,64.67179024474753,63.12153545472822,64.467041015625,1319500,0.0
2020-11-10 00:00:00-05:00,61.795536531735024,64.27008619739111,61.737035159177864,64.0965347290039,2174600,0.0
2020-11-09 00:00:00-05:00,65.3250426645354,65.60779374184254,61.84429068876271,61.912540435791016,2420100,0.0
2020-11-06 00:00:00-05:00,61.395788593357885,62.21478924107772,61.10328543969701,61.99053955078125,1145800,0.0
2020-11-05 00:00:00-05:00,61.73704202999976,62.35129349254919,61.02529198833626,61.064292907714844,1495700,0.0
2020-11-04 00:00:00-05:00,61.11303589467313,62.05391159148768,60.40128592641252,60.74253463745117,2042700,0.0
2020-11-03 00:00:00-05:00,61.3567895353675,62.253788323722155,60.528040493112336,61.14228820800781,1545600,0.0
2020-11-02 00:00:00-05:00,60.63528569337783,61.200787824030385,59.562786526092644,60.5865364074707,1819100,0.0
2020-10-30 00:00:00-04:00,58.84129209120008,59.76754352106472,58.30504243790979,59.748043060302734,2036100,0.0
2020-10-29 00:00:00-04:00,57.41778765300384,59.66028840294996,57.33003744577701,59.27029037475586,2122600,0.0
2020-10-28 00:00:00-04:00,59.48478732357011,59.728537483216385,57.300787975965584,57.515289306640625,2570900,0.0
2020-10-27 00:00:00-04:00,61.337290900372466,61.659042900978925,60.31354095910775,60.42079162597656,1973200,0.0
2020-10-26 00:00:00-04:00,62.2440350158672,62.292784299309,59.83578247665652,61.629783630371094,3026000,0.0
2020-10-23 00:00:00-04:00,61.883292878889975,62.419538776945096,61.54204041740171,61.863792419433594,2308600,0.0
2020-10-22 00:00:00-04:00,62.390296701281066,62.390296701281066,61.40554390716524,61.6590461730957,4980300,0.0
2020-10-21 00:00:00-04:00,62.643793849261755,63.209296030379015,62.11729258808342,62.127044677734375,1082600,0.0
2020-10-20 00:00:00-04:00,63.063043597767475,64.09654192701494,62.73153950204777,62.78029251098633,720000,0.0
2020-10-19 00:00:00-04:00,63.277542647462504,63.80404388257149,62.4780424249632,62.751041412353516,910500,0.0
2020-10-16 00:00:00-04:00,63.66753591807237,64.16478081951993,63.189780315038966,63.40428161621094,1047500,0.0
2020-10-15 00:00:00-04:00,63.05329248387471,63.79916741245406,62.40979590018454,63.57004165649414,982100,0.0
2020-10-14 00:00:00-04:00,63.862540748827215,64.35004105988696,62.916788955185,63.969791412353516,1633600,0.0
2020-10-13 00:00:00-04:00,63.53104536073623,64.1550451761052,63.00063882287449,63.50178909301758,1415900,0.0
2020-10-12 00:00:00-04:00,64.2037944001292,64.33542157703073,63.5407936287216,64.04779815673828,1185800,0.0
2020-10-09 00:00:00-04:00,63.39453373247085,64.02828559014465,62.69253957116781,63.716285705566406,1187000,0.0
2020-10-08 00:00:00-04:00,63.17029080550947,63.872292439240546,62.8680429949114,63.092288970947266,1213200,0.0
2020-10-07 00:00:00-04:00,63.014280295665934,63.97953615659188,62.765657843486345,63.42378616333008,1648100,0.0
2020-10-06 00:00:00-04:00,62.819289958265024,63.37504001158931,61.89791467410465,62.234291076660156,2107000,0.0
2020-10-05 00:00:00-04:00,62.14653686181258,63.01428303923758,61.65416054131617,62.926536560058594,1447700,0.0
2020-10-02 00:00:00-04:00,60.079533849387104,61.8540345823705,59.97228319200921,61.58103561401367,1447800,0.0
2020-10-01 00:00:00-04:00,61.29828750750414,62.61454056685974,60.21603623181137,60.810787200927734,2342500,0.0
2020-09-30 00:00:00-04:00,61.142290114257,62.01004010114658,60.401291253789196,60.85953903198242,2494000,0.0
2020-09-29 00:00:00-04:00,60.85954085079298,61.19104123180378,60.33304330863785,60.84979248046875,1435400,0.0
2020-09-28 00:00:00-04:00,60.71328664180823,61.308037591474154,60.35253746815246,60.94728469848633,1233900,0.0
2020-09-25 00:00:00-04:00,60.0697928840498,60.79129130915785,59.66029066170992,60.01129150390625,1557600,0.0
2020-09-24 00:00:00-04:00,59.328787772985166,61.181290486607395,58.948538116448425,60.52804183959961,2374800,0.0
2020-09-23 00:00:00-04:00,59.25078488725515,60.22578545399754,58.69503486175854,58.899784088134766,1733700,0.0
2020-09-22 00:00:00-04:00,57.466532115822,59.59203365075274,57.388534004466045,59.46528625488281,1841500,0.0
2020-09-21 00:00:00-04:00,58.50003997052776,58.71454130727272,57.20328729923485,57.92478942871094,2512100,0.0
2020-09-18 00:00:00-04:00,59.63103501204522,61.07403541657579,58.8802841230532,59.358036041259766,3806500,0.0
2020-09-17 00:00:00-04:00,57.28128946952336,59.56279119035938,56.58903988516975,59.514041900634766,2219900,0.0
2020-09-16 00:00:00-04:00,59.33853845400104,59.484786315711546,57.9150384384251,58.2952880859375,2457000,0.0
2020-09-15 00:00:00-04:00,58.52928707080072,60.07953823298346,58.52928707080072,58.792537689208984,1629400,0.0
2020-09-14 00:00:00-04:00,59.05578619616172,59.05578619616172,57.59036189734867,58.49028778076172,2420100,0.0
2020-09-11 00:00:00-04:00,58.75353085311995,59.19228183960716,58.28065871586739,58.636531829833984,2273400,0.0
2020-09-10 00:00:00-04:00,60.43052974946014,60.43052974946014,58.23677865329194,58.402530670166016,3828900,0.0
2020-09-09 00:00:00-04:00,59.50428818666863,60.96678915447598,59.47503935749882,60.52804183959961,1888500,0.0
2020-09-08 00:00:00-04:00,59.894284213196386,60.2062840923226,58.94853248747085,59.11428451538086,2137900,0.0
2020-09-04 00:00:00-04:00,60.93753828888282,61.03503686241216,58.91928731830159,59.952789306640625,2697000,0.0
2020-09-03 00:00:00-04:00,63.25803793809182,63.81378799737518,59.53353956358403,60.30378723144531,3096800,0.0
2020-09-02 00:00:00-04:00,62.1367912255428,63.921040488092984,62.058793107285105,63.706539154052734,1827200,0.0
2020-09-01 00:00:00-04:00,60.9570343308357,62.67303364821238,60.76690952269637,62.448787689208984,2334100,0.0
2020-08-31 00:00:00-04:00,62.019787050892546,62.24403673638899,61.26903616327471,61.327537536621094,1736400,0.0
2020-08-28 00:00:00-04:00,61.688290014415635,62.03929083464732,61.08379066809009,62.00028991699219,1129900,0.0
2020-08-27 00:00:00-04:00,62.85829057144578,63.282413456791325,61.59078680187989,61.649288177490234,1341700,0.0
2020-08-26 00:00:00-04:00,62.67304102789665,63.17029344568266,62.15434293984156,62.57554244995117,1161900,0.0
2020-08-25 00:00:00-04:00,62.7997954194607,63.18978972841971,62.30741533060331,62.68279266357422,1604100,0.0
2020-08-24 00:00:00-04:00,62.01978739237789,62.62429042895624,61.464037360189316,62.20503616333008,3199900,0.0
2020-08-21 00:00:00-04:00,61.4542849911196,62.14653822537544,61.02528607750457,62.03928756713867,2649500,0.0
2020-08-20 00:00:00-04:00,60.60603449500174,61.6687852512672,60.26478578766822,61.39578628540039,1291500,0.2
2020-08-19 00:00:00-04:00,61.69630088224006,61.80321063023028,60.831309223060444,61.152034759521484,1549000,0.0
2020-08-18 00:00:00-04:00,62.055903112170206,62.59045184994526,61.5942514286477,61.667144775390625,1680200,0.0
2020-08-17 00:00:00-04:00,62.64876196854874,62.71679476844324,61.919835934670935,62.162811279296875,1785500,0.0
2020-08-14 00:00:00-04:00,61.91983689000221,62.697360970808866,61.81292714351581,62.26972198486328,1633900,0.0
2020-08-13 00:00:00-04:00,63.1347190160509,63.1347190160509,62.036473017145006,62.20169448852539,1436200,0.0
2020-08-12 00:00:00-04:00,63.14444119414779,63.63039194070577,62.41551507431081,63.07640838623047,1496600,0.0
2020-08-11 00:00:00-04:00,63.6789713287949,64.09688919368477,62.52241379830046,62.5612907409668,2787700,0.0
2020-08-10 00:00:00-04:00,62.48353809289964,63.46516052336106,62.48353809289964,63.377685546875,1572700,0.0
2020-08-07 00:00:00-04:00,61.385293469067676,62.65848566252278,61.385293469067676,62.60017395019531,1169100,0.0
2020-08-06 00:00:00-04:00,61.12287853155258,61.73517745244419,61.09858322102704,61.6963005065918,1557400,0.0
2020-08-05 00:00:00-04:00,60.97710052169244,61.861530720702426,60.58833844646413,61.317264556884766,2645000,0.0
2020-08-04 00:00:00-04:00,60.82159411258116,61.132602277893966,60.22873363885681,60.85074996948242,1739400,0.0
2020-08-03 00:00:00-04:00,61.24923135098624,62.02675178886967,60.97710012460452,61.43389129638672,3200500,0.0
2020-07-31 00:00:00-04:00,61.657424583774244,61.657424583774244,60.43283042918188,60.97709655761719,3156100,0.0
2020-07-30 00:00:00-04:00,61.6574238270616,62.70707541704288,61.37557523718834,61.608829498291016,2307000,0.0
2020-07-29 00:00:00-04:00,59.24711593247778,62.551582592577496,59.24711593247778,62.49327087402344,4885400,0.0
2020-07-28 00:00:00-04:00,58.139145998434536,60.092670041424114,58.02251885941587,58.586219787597656,4473600,0.0
2020-07-27 00:00:00-04:00,56.234219700727245,56.79792062595666,55.98152324208209,56.68129348754883,2670300,0.0
2020-07-24 00:00:00-04:00,57.51712350698902,57.53170143437141,56.010677121486836,56.49662780761719,3142100,0.0
2020-07-23 00:00:00-04:00,56.856227544813486,57.797026574604516,56.70072348102548,57.40049362182617,2566500,0.0
2020-07-22 00:00:00-04:00,56.331406612822704,57.27415219669902,56.059275395831506,56.836795806884766,2034300,0.0
2020-07-21 00:00:00-04:00,56.739608512011344,57.28387095909864,56.46747358095784,56.79792022705078,2314000,0.0
2020-07-20 00:00:00-04:00,56.77847765708656,57.9739196342984,56.36056346858119,56.914546966552734,2407800,0.0
2020-07-17 00:00:00-04:00,57.079769669255036,57.37133935231034,56.5160687763494,56.90482711791992,2983100,0.0
2020-07-16 00:00:00-04:00,56.370285313454694,56.91455147187437,56.037895929861946,56.68129348754883,2628800,0.0
2020-07-15 00:00:00-04:00,56.37999929221953,57.342183321632525,56.234216304890666,56.56466293334961,2358400,0.0
2020-07-14 00:00:00-04:00,54.64030347639852,55.835741875622084,54.45563981872732,55.75798797607422,2755100,0.0
2020-07-13 00:00:00-04:00,54.970747835226696,56.31196917873903,54.878416010253005,55.291473388671875,2882500,0.0
2020-07-10 00:00:00-04:00,54.6500183065654,55.69967365635656,54.46535836503243,55.378944396972656,2137300,0.0
2020-07-09 00:00:00-04:00,55.262316120535345,56.31196774116212,54.49451309801064,54.533390045166016,2424200,0.0
2020-07-08 00:00:00-04:00,55.427538873280916,55.5441697174585,54.68889539770535,55.32062911987305,6694900,0.0
2020-07-07 00:00:00-04:00,54.84440109171208,55.699675436561236,54.54311029667739,55.22344207763672,2537900,0.0
2020-07-06 00:00:00-04:00,55.7677107116007,55.96209175869177,54.844403518550706,55.26232147216797,1999100,0.0
2020-07-02 00:00:00-04:00,54.844393197320855,55.63163462150826,54.20293845789351,54.91242599487305,3162900,0.0
2020-07-01 00:00:00-04:00,55.39837880149841,55.39837880149841,54.183502073395374,54.2126579284668,2400200,0.0
2020-06-30 00:00:00-04:00,54.397329705498315,55.49557576266917,53.95025218493583,55.26232147216797,2518100,0.0
2020-06-29 00:00:00-04:00,54.31956788139024,55.20399799452981,53.77530547792563,54.98046112060547,2257300,0.0
2020-06-26 00:00:00-04:00,54.65002073046315,54.89299610470894,52.91226260380193,54.22238540649414,6634300,0.0
2020-06-25 00:00:00-04:00,53.50316919043019,54.91242690561604,53.22131690589113,54.62085723876953,2942900,0.0
2020-06-24 00:00:00-04:00,54.5722610379136,55.36921983009337,53.69754835990686,53.979400634765625,3022000,0.0
2020-06-23 00:00:00-04:00,56.068994089607315,56.24393664962249,54.99990396285667,55.204002380371094,2386900,0.0
2020-06-22 00:00:00-04:00,55.28175680963731,56.54522798274495,55.04849882486657,55.45669937133789,2027000,0.0
2020-06-19 00:00:00-04:00,57.30330615022818,57.30330615022818,54.377884542209294,55.398380279541016,7096100,0.0
2020-06-18 00:00:00-04:00,54.85411525037749,56.05927465215484,54.65973793082509,55.87461471557617,2137500,0.0
2020-06-17 00:00:00-04:00,56.48691618169155,56.55494899254748,54.87355978173217,55.145694732666016,2441500,0.0
2020-06-16 00:00:00-04:00,57.82813766276757,58.11970736326274,55.76284703195444,56.2244987487793,3510300,0.0
2020-06-15 00:00:00-04:00,52.978351800573776,56.17590878633805,52.31746215821443,56.049560546875,4464300,0.0
2020-06-12 00:00:00-04:00,56.10786693787213,57.32274367836177,53.55176523777926,54.465354919433594,4313000,0.0
2020-06-11 00:00:00-04:00,54.42648111979167,56.43831682172604,54.1397719720689,54.669456481933594,3293900,0.0
2020-06-10 00:00:00-04:00,58.906943867107536,59.24710787075388,57.36162050802493,57.371337890625,2658300,0.0
2020-06-09 00:00:00-04:00,58.70284071210405,59.733053729742586,57.57543533878594,58.94581604003906,4610200,0.0
2020-06-08 00:00:00-04:00,57.03117357010616,59.596992633381355,56.720165423497626,59.53867721557617,5966500,0.0
2020-06-05 00:00:00-04:00,56.205061828684464,57.05936105548189,54.426480421035244,56.92426681518555,4615100,0.0
2020-06-04 00:00:00-04:00,53.74615326567209,55.067939924872924,53.15329274580907,53.843345642089844,3281300,0.0
2020-06-03 00:00:00-04:00,53.4545782830603,54.01828288819541,53.017221901060594,53.911373138427734,4134500,0.0
2020-06-02 00:00:00-04:00,52.63817731267947,53.21159926123793,51.792624170740524,52.62845993041992,2638100,0.0
2020-06-01 00:00:00-04:00,50.97622832557126,52.910310003270546,50.64578170675451,52.560428619384766,3073300,0.0
2020-05-29 00:00:00-04:00,49.0227073335781,51.3844281310497,48.770014590303624,51.17061233520508,7522700,0.0
2020-05-28 00:00:00-04:00,51.38442680071405,51.46218069356071,49.49893938929867,49.52809524536133,4260700,0.0
2020-05-27 00:00:00-04:00,50.14040002731959,51.170616982720276,49.34344107017364,50.908203125,5202300,0.0
2020-05-26 00:00:00-04:00,51.539932433066234,52.4729606378129,49.275403994511514,49.46006393432617,6247000,0.0
2020-05-22 00:00:00-04:00,50.985945071775134,51.238641504633335,49.4892160694904,50.25701904296875,2134300,0.0
2020-05-21 00:00:00-04:00,50.888756730589876,52.045318035372546,50.41252342420317,50.56802749633789,3813100,0.2
2020-05-20 00:00:00-04:00,50.88134063953296,52.96307159294866,50.80872143072703,51.491336822509766,4755100,0.0
2020-05-19 00:00:00-04:00,50.038967741336634,51.24734015516933,49.433813820019736,50.648963928222656,2050300,0.0
2020-05-18 00:00:00-04:00,48.52849734131714,50.67800503550178,48.52849734131714,50.474674224853516,4452600,0.0
2020-05-15 00:00:00-04:00,45.817416115905864,47.65708562337569,45.70122759031232,47.337562561035156,2981400,0.0
2020-05-14 00:00:00-04:00,46.09820319860228,46.86311860007663,45.73026860021764,46.4758186340332,4849900,0.0
2020-05-13 00:00:00-04:00,47.444065032004374,48.702784385976955,46.364468865800845,46.67914962768555,4567000,0.0
2020-05-12 00:00:00-04:00,50.53277056492859,50.629597406273625,48.1121549347977,48.141204833984375,3059800,0.0
2020-05-11 00:00:00-04:00,50.34880998898443,50.7361100047879,49.438659753482945,50.16484451293945,3150600,0.0
2020-05-08 00:00:00-04:00,50.46499622202908,52.44990040225796,50.455315384179116,51.26864242553711,4289400,0.0
2020-05-07 00:00:00-04:00,47.463436321305245,51.597848661705626,47.43439011286833,50.16484451293945,4803200,0.0
2020-05-06 00:00:00-04:00,47.06645122728121,47.44406667721084,46.36931273906259,46.775978088378906,2931800,0.0
2020-05-05 00:00:00-04:00,47.95722696892238,49.03198070440042,46.43708092487895,46.56295394897461,4103600,0.0
2020-05-04 00:00:00-04:00,47.29882947533433,48.092791132382565,46.00137930759782,47.957237243652344,5676600,0.0
2020-05-01 00:00:00-04:00,48.73183850325205,48.92548481019234,46.77598051590948,48.13152313232422,3089700,0.0
2020-04-30 00:00:00-04:00,49.35151499184227,49.96150750022478,48.896438049833236,49.293418884277344,6123800,0.0
2020-04-29 00:00:00-04:00,49.15786417627942,50.08737972046616,48.13152178776086,49.52579879760742,4343900,0.0
2020-04-28 00:00:00-04:00,47.51184465382803,49.33214869403252,47.10518298922796,48.27676010131836,5368200,0.0
2020-04-27 00:00:00-04:00,46.55328506425357,47.05676990275642,46.098208109705546,46.688838958740234,5541100,0.0
2020-04-24 00:00:00-04:00,46.49518544847765,46.959943206051854,44.83948524457586,46.33058166503906,6446900,0.0
2020-04-23 00:00:00-04:00,45.93360421246751,46.514554222142266,45.00408862926781,45.96265411376953,5174800,0.0
2020-04-22 00:00:00-04:00,45.80773058589895,47.976600078142766,44.53932669173313,45.55598449707031,6801900,0.0
2020-04-21 00:00:00-04:00,43.0869586392086,45.701224284121054,43.0869586392086,44.4425048828125,6939700,0.0
2020-04-20 00:00:00-04:00,43.57108447667799,45.48821175042383,43.47426132193423,43.948699951171875,5407500,0.0
2020-04-17 00:00:00-04:00,45.50757822856872,47.01804385690309,44.46187040274492,44.6845703125,7878100,0.0
2020-04-16 00:00:00-04:00,42.68029419513502,44.933402773606495,42.16712119839711,44.171390533447266,8740200,0.0
2020-04-15 00:00:00-04:00,42.78679533324817,43.42583763396752,41.440933797912415,43.1353645324707,7935500,0.0
2020-04-14 00:00:00-04:00,44.45218091812485,44.82979632836729,42.57378470331322,44.43281555175781,10152100,0.0
2020-04-13 00:00:00-04:00,47.00835281389774,47.12454132504037,44.268217956923124,44.53932571411133,8545100,0.0
2020-04-09 00:00:00-04:00,42.6512467775415,48.654374294933085,42.6028352035235,47.579620361328125,17355600,0.0
2020-04-08 00:00:00-04:00,40.86967547338324,43.76473353816206,39.94984074884081,42.689979553222656,22265800,0.0
2020-04-07 00:00:00-04:00,43.71632023674361,45.497893507789556,41.56681235168645,42.87394332885742,12146500,0.0
2020-04-06 00:00:00-04:00,45.50757795363989,46.33058586473649,43.28061211164318,44.48123550415039,10294200,0.0
2020-04-03 00:00:00-04:00,42.36077090501678,47.73453653253997,40.47269009167995,45.81740951538086,22551600,0.0
2020-04-02 00:00:00-04:00,43.59431521858807,47.11485993783142,41.828236573008326,42.60283279418945,9264200,0.0
2020-04-01 00:00:00-04:00,44.529648077888844,46.95994461745816,42.60283635398267,45.21710205078125,1206100,0.0
2020-03-31 00:00:00-04:00,45.02344974517822,48.41231155395508,43.35806504578097,48.41231155395508,210300,0.0
2020-03-30 00:00:00-04:00,42.84489572525024,48.41231155395508,42.84489572525024,48.41231155395508,118100,0.0
2020-03-27 00:00:00-04:00,43.57108365904644,45.99169941788235,43.561402821180366,43.798622131347656,263200,0.0
2020-03-26 00:00:00-04:00,43.57107925415039,45.99169476826986,42.844894599914554,43.57107925415039,29100,0.0
2020-03-25 00:00:00-04:00,38.72984807718693,43.377429107736134,36.79335567332758,39.7077751159668,7000,0.0
2020-03-24 00:00:00-04:00,38.72985076904297,38.72985076904297,37.7616044998169,38.72985076904297,77800,0.0
2020-03-23 00:00:00-04:00,40.66634330749512,40.66634330749512,38.710485400430485,38.72985076904297,11900,0.0
2020-03-20 00:00:00-04:00,43.58076009103776,44.54900629668555,43.57107925415039,43.57107925415039,3600,0.0
2020-03-19 00:00:00-04:00,38.72985502632942,44.53933328027883,38.72985502632942,43.813148498535156,7000,0.0
